node,timestamp
30242,2021-10-27 16:33:06.018434
30243,2021-10-27 16:33:10.511552
30244,2021-10-27 17:47:20.010375
30245,2021-10-27 21:33:14.723634
30246,2021-10-27 23:47:13.952957
30247,2021-10-28 02:16:13.992778
30248,2021-10-28 06:38:14.038542
30250,2021-10-28 09:07:14.126869
30251,2021-10-28 09:07:19.261412
30252,2021-10-28 09:28:13.994945
30253,2021-10-28 09:49:13.966281
30254,2021-10-28 10:20:13.977864
30255,2021-10-28 10:20:18.579307
30256,2021-10-28 10:20:23.134410
30257,2021-10-28 11:20:14.115946
30258,2021-10-28 11:26:13.993495
30259,2021-10-28 11:56:13.977179
30260,2021-10-28 13:13:13.966570
30263,2021-10-28 13:59:13.970318
30264,2021-10-28 14:24:14.050524
30265,2021-10-28 15:06:14.050036
30268,2021-10-28 15:31:13.975789
30269,2021-10-28 16:22:14.000894
30270,2021-10-28 17:23:14.087049
30271,2021-10-28 19:58:14.001308
30273,2021-10-28 20:39:14.396023
